"","Cluster","Site","Oyster.ID","Length","Width","Size","Dermo.g","Dermo.prev","MSX.g","MSX.prev"
"1","Camden","CM1","CM1LQ1",113.2,34.7,"Large",511369.359831188,1,NA,0
"2","Camden","CM1","CM1LQ10",112.8,29.6,"Large",5752.26572265486,1,NA,0
"3","Camden","CM1","CM1LQ11",106.5,28.9,"Large",1.51923516974141,1,NA,0
"4","Camden","CM1","CM1LQ12",80.1,29.2,"Large",1123.86292370932,1,1243376.2060492,1
"5","Camden","CM1","CM1LQ13",116.8,35.5,"Large",14946.4541141575,1,394565.635064451,1
"6","Camden","CM1","CM1LQ14",88.7,33.1,"Large",0.942862841684843,1,3696884.56652101,1
"7","Camden","CM1","CM1LQ15",62.9,35,"Large",1983.0359638748,1,1573823.95462255,1
"8","Camden","CM1","CM1LQ16",88.2,31.9,"Large",119.25833573744,1,143374608701341,1
"9","Camden","CM1","CM1LQ17",89.6,26.4,"Large",17599.2933772756,1,39008793.7786963,1
"10","Camden","CM1","CM1LQ18",107.4,38.9,"Large",11076.798130819,1,30996500.9741302,1
"11","Camden","CM1","CM1LQ19",96.4,38.6,"Large",2986.58980832687,1,396382.337174529,1
"12","Camden","CM1","CM1LQ2",79.8,28.7,"Large",240.014351867514,1,359869.894973708,1
"13","Camden","CM1","CM1LQ20",88.9,42.1,"Large",20.9984683584937,1,6348270.56654012,1
"14","Camden","CM1","CM1LQ21",79.1,27.3,"Large",0.654052391727321,1,188670.964151381,1
"15","Camden","CM1","CM1LQ22",94.9,33,"Large",1.53184003920299,1,80775582.8684568,1
"16","Camden","CM1","CM1LQ23",76.8,31.1,"Large",4840.96446389424,1,881381.458048428,1
"17","Camden","CM1","CM1LQ24",91.4,29.6,"Large",989.724291162938,1,146722.065347299,1
"18","Camden","CM1","CM1LQ25",101.8,32.6,"Large",15018.7432313936,1,3949301.37508845,1
"19","Camden","CM1","CM1LQ3",90.6,34,"Large",1.16534065648821,1,401960431.903576,1
"20","Camden","CM1","CM1LQ4",75.2,29.2,"Large",2.76603082545386,1,84697.5823963046,1
"21","Camden","CM1","CM1LQ5",101.3,31.8,"Large",5988.88629668499,1,230331.358289478,1
"22","Camden","CM1","CM1LQ6",135.6,35.4,"Large",1.27867160175236,1,2841336.41035909,1
"23","Camden","CM1","CM1LQ7",93.1,29.8,"Large",991.276543432911,1,9679672.91849539,1
"24","Camden","CM1","CM1LQ8",93.6,29.1,"Large",2.84009852119444,1,4531209.44678539,1
"25","Camden","CM1","CM1LQ9",100.2,35.9,"Large",219.128622773877,1,NA,0
"26","Camden","CM2","CM2LQ1",103.1,37.5,"Large",NA,0,14093420.2515728,1
"27","Camden","CM2","CM2LQ10",75.2,37.1,"Large",26013.3217972192,1,25493.2363212651,1
"28","Camden","CM2","CM2LQ11",116.1,37.3,"Large",NA,0,445488.498839585,1
"29","Camden","CM2","CM2LQ12",72.8,33.1,"Large",10.5638897756772,1,67033.4992526255,1
"30","Camden","CM2","CM2LQ13",112.6,44.2,"Large",68.9561888313585,1,32586411.1350706,1
"31","Camden","CM2","CM2LQ14",64.3,35.6,"Large",40.5765657209674,1,NA,0
"32","Camden","CM2","CM2LQ15",86.4,32.1,"Large",NA,0,38697.1249709476,1
"33","Camden","CM2","CM2LQ16",103.4,34.8,"Large",NA,0,4579597.56460195,1
"34","Camden","CM2","CM2LQ17",70.7,33.9,"Large",36.2865695993537,1,NA,0
"35","Camden","CM2","CM2LQ18",93.7,41.2,"Large",27.1022001119331,1,NA,0
"36","Camden","CM2","CM2LQ19",86.5,39.5,"Large",NA,0,37564.6277630205,1
"37","Camden","CM2","CM2LQ2",122.3,45,"Large",1311.34887258601,1,NA,0
"38","Camden","CM2","CM2LQ20",89.8,40.3,"Large",4.24261187215127,1,63551696.5852651,1
"39","Camden","CM2","CM2LQ21",104.7,33.8,"Large",125.928024643347,1,169401.017381936,1
"40","Camden","CM2","CM2LQ22",69.9,29.2,"Large",NA,0,47485750.9492269,1
"41","Camden","CM2","CM2LQ23",65.3,29.7,"Large",46.4527159984726,1,187465.317731555,1
"42","Camden","CM2","CM2LQ24",95.5,30.3,"Large",752.465658421572,1,7372.64050669039,1
"43","Camden","CM2","CM2LQ25",63.7,32.5,"Large",NA,0,28412.5277702961,1
"44","Camden","CM2","CM2LQ3",79.1,34,"Large",1881.62151712989,1,NA,0
"45","Camden","CM2","CM2LQ4",88.4,33.9,"Large",NA,0,250258281.417515,1
"46","Camden","CM2","CM2LQ5",89.1,35.8,"Large",NA,0,14551578526.4234,1
"47","Camden","CM2","CM2LQ6",83.4,30.9,"Large",2.18458829430959,1,45421999.0166445,1
"48","Camden","CM2","CM2LQ7",85.1,26.1,"Large",1009.70102603556,1,NA,0
"49","Camden","CM2","CM2LQ8",114.8,41.2,"Large",2058.11158802971,1,228752580.461439,1
"50","Camden","CM2","CM2LQ9",71.5,28,"Large",NA,0,135337.54723271,1
"51","Camden","CM3","CM3LQ1",76.8,40.1,"Large",5.73782374523838,1,660570.62104026,1
"52","Camden","CM3","CM3LQ10",67.8,22.3,"Large",8624.46352716764,1,1075339.17913534,1
"53","Camden","CM3","CM3LQ11",80.4,37.8,"Large",1883.52928373658,1,476151.293752855,1
"54","Camden","CM3","CM3LQ12",91.6,34.9,"Large",33.2603982483844,1,NA,0
"55","Camden","CM3","CM3LQ13",79.7,41.4,"Large",1809.0307169577,1,27857843.4010369,1
"56","Camden","CM3","CM3LQ14",71.8,34.5,"Large",11.8015319253915,1,17395853235.0143,1
"57","Camden","CM3","CM3LQ15",88.3,44.6,"Large",19.9912522350094,1,NA,0
"58","Camden","CM3","CM3LQ16",62.7,29.9,"Large",6926.30988687876,1,NA,0
"59","Camden","CM3","CM3LQ17",81.9,38.1,"Large",NA,0,65095925.5868069,1
"60","Camden","CM3","CM3LQ18",57.6,27.9,"Large",NA,0,NA,0
"61","Camden","CM3","CM3LQ2",104.4,39.1,"Large",NA,0,36704869.0761478,1
"62","Camden","CM3","CM3LQ3",72.4,32.2,"Large",NA,0,NA,0
"63","Camden","CM3","CM3LQ4",131.5,37.6,"Large",NA,0,593081.874078374,1
"64","Camden","CM3","CM3LQ5",88.7,33.5,"Large",9161.51643634471,1,3443160.8391348,1
"65","Camden","CM3","CM3LQ6",79.3,36.1,"Large",10059.5289763691,1,553303.826368582,1
"66","Camden","CM3","CM3LQ7",115,36.1,"Large",4.97495172234408,1,2451222.69344652,1
"67","Camden","CM3","CM3LQ8",86,39.1,"Large",NA,0,NA,0
"68","Camden","CM3","CM3LQ9",101.8,28.9,"Large",NA,0,259641606947.756,1
"69","Glynn-Jointer Creek","JC1","JC1LQ1",93.5,35,"Large",NA,0,3575431.68197618,1
"70","Glynn-Jointer Creek","JC1","JC1LQ10",61.7,36.8,"Large",7848.4528134,1,12061371.884524,1
"71","Glynn-Jointer Creek","JC1","JC1LQ11",105.5,38.9,"Large",321.974840971825,1,1215222809.00934,1
"72","Glynn-Jointer Creek","JC1","JC1LQ12",103.2,31.9,"Large",543.197881935654,1,2666909913534.44,1
"73","Glynn-Jointer Creek","JC1","JC1LQ13",111.8,44.9,"Large",8.99691388773403,1,289655.192022635,1
"74","Glynn-Jointer Creek","JC1","JC1LQ14",82.9,32.8,"Large",NA,0,1149812248.48225,1
"75","Glynn-Jointer Creek","JC1","JC1LQ15",117.3,40,"Large",NA,0,277847.310793241,1
"76","Glynn-Jointer Creek","JC1","JC1LQ16",96.5,38.6,"Large",NA,0,241226.549062485,1
"77","Glynn-Jointer Creek","JC1","JC1LQ17",94.6,32.3,"Large",15.6806941782486,1,281130439.346776,1
"78","Glynn-Jointer Creek","JC1","JC1LQ18",88.7,32.1,"Large",2.54578064129443,1,164796230308452,1
"79","Glynn-Jointer Creek","JC1","JC1LQ19",104.6,42.7,"Large",13.9097966378357,1,1366546693.28541,1
"80","Glynn-Jointer Creek","JC1","JC1LQ2",100.8,43.1,"Large",NA,0,11873751.99363,1
"81","Glynn-Jointer Creek","JC1","JC1LQ20",90.3,31.1,"Large",74.1317395155289,1,35056697.1859649,1
"82","Glynn-Jointer Creek","JC1","JC1LQ21",82.7,31.5,"Large",568.006599565242,1,1166805393597.54,1
"83","Glynn-Jointer Creek","JC1","JC1LQ22",80.7,32,"Large",1.57187112396303,1,246135.762311163,1
"84","Glynn-Jointer Creek","JC1","JC1LQ23",112.5,31.7,"Large",85.8485398345671,1,201717163238.045,1
"85","Glynn-Jointer Creek","JC1","JC1LQ24",91.9,36.1,"Large",1.74113044826064,1,684683.138158458,1
"86","Glynn-Jointer Creek","JC1","JC1LQ25",88.8,34.2,"Large",10806.6533419098,1,209710.166531498,1
"87","Glynn-Jointer Creek","JC1","JC1LQ3",102.6,42.5,"Large",NA,0,45024485507973.2,1
"88","Glynn-Jointer Creek","JC1","JC1LQ4",110.1,39.5,"Large",NA,0,6655497896598.78,1
"89","Glynn-Jointer Creek","JC1","JC1LQ5",107.5,47.5,"Large",NA,0,18339248.1385964,1
"90","Glynn-Jointer Creek","JC1","JC1LQ6",100.2,38.4,"Large",317.694377802394,1,364243027.850391,1
"91","Glynn-Jointer Creek","JC1","JC1LQ7",106.5,41,"Large",6070.35593772581,1,13047870.2357527,1
"92","Glynn-Jointer Creek","JC1","JC1LQ8",104.7,34.4,"Large",NA,0,348972261894.931,1
"93","Glynn-Jointer Creek","JC1","JC1LQ9",95.4,36.8,"Large",42.9625495594206,1,1887680227.69864,1
"94","Glynn-Jointer Creek","JC2","JC2LQ1",90.1,39.5,"Large",NA,0,4884882123.759,1
"95","Glynn-Jointer Creek","JC2","JC2LQ10",76.3,35.8,"Large",NA,0,2532396986498.47,1
"96","Glynn-Jointer Creek","JC2","JC2LQ11",112.1,33.6,"Large",NA,0,1732110744467.95,1
"97","Glynn-Jointer Creek","JC2","JC2LQ12",89.7,33.1,"Large",13354.6668764959,1,NA,0
"98","Glynn-Jointer Creek","JC2","JC2LQ13",78,42.3,"Large",NA,0,126169506.920638,1
"99","Glynn-Jointer Creek","JC2","JC2LQ14",89.1,35.7,"Large",NA,0,NA,0
"100","Glynn-Jointer Creek","JC2","JC2LQ15",93.6,38.2,"Large",NA,0,NA,0
"101","Glynn-Jointer Creek","JC2","JC2LQ16",92.5,33.6,"Large",281.295908727103,1,24954711203517.5,1
"102","Glynn-Jointer Creek","JC2","JC2LQ17",97.8,28.3,"Large",554.672758163399,1,NA,0
"103","Glynn-Jointer Creek","JC2","JC2LQ18",82,37.9,"Large",4067.81207301162,1,1116485412.66208,1
"104","Glynn-Jointer Creek","JC2","JC2LQ19",65.9,32,"Large",5.77946406039311,1,NA,0
"105","Glynn-Jointer Creek","JC2","JC2LQ2",98.3,34.7,"Large",NA,0,3414727.07478594,1
"106","Glynn-Jointer Creek","JC2","JC2LQ20",110.1,42.8,"Large",66.6624750704376,1,91302169168.8097,1
"107","Glynn-Jointer Creek","JC2","JC2LQ21",93.5,36.8,"Large",20783.8813509344,1,509461377.792887,1
"108","Glynn-Jointer Creek","JC2","JC2LQ22",62,22.5,"Large",32.8710808155961,1,NA,0
"109","Glynn-Jointer Creek","JC2","JC2LQ23",95.1,38.1,"Large",775.021547849617,1,13716338.9358948,1
"110","Glynn-Jointer Creek","JC2","JC2LQ24",79.1,30,"Large",NA,0,914070029935.587,1
"111","Glynn-Jointer Creek","JC2","JC2LQ25",69.1,29.9,"Large",40596.847390822,1,NA,0
"112","Glynn-Jointer Creek","JC2","JC2LQ3",102.2,30.2,"Large",5.9782744189399,1,1808355013482.19,1
"113","Glynn-Jointer Creek","JC2","JC2LQ4",94.5,43.6,"Large",NA,0,67102819.8446187,1
"114","Glynn-Jointer Creek","JC2","JC2LQ5",82.9,39.1,"Large",9.53562214734,1,956052.513153063,1
"115","Glynn-Jointer Creek","JC2","JC2LQ6",77.3,28.4,"Large",NA,0,NA,0
"116","Glynn-Jointer Creek","JC2","JC2LQ7",89.2,29.4,"Large",174.418267145571,1,NA,0
"117","Glynn-Jointer Creek","JC2","JC2LQ8",107.4,38.6,"Large",4.95531772741752,1,293947200447.355,1
"118","Glynn-Jointer Creek","JC2","JC2LQ9",95.1,45.1,"Large",222775.939654925,1,NA,0
"119","Glynn-Jointer Creek","JC3","JC3LQ1",89.3,28,"Large",NA,0,19822.4026325496,1
"120","Glynn-Jointer Creek","JC3","JC3LQ10",82.2,29.6,"Large",NA,0,112427.892823749,1
"121","Glynn-Jointer Creek","JC3","JC3LQ11",101.2,32.9,"Large",525.941913385519,1,1647199.67712146,1
"122","Glynn-Jointer Creek","JC3","JC3LQ12",103,29.8,"Large",2544.69594849394,1,6366956.83596309,1
"123","Glynn-Jointer Creek","JC3","JC3LQ13",75.6,36,"Large",NA,0,132852.887933558,1
"124","Glynn-Jointer Creek","JC3","JC3LQ14",91.2,32.7,"Large",92.2479202828955,1,1194902.32417651,1
"125","Glynn-Jointer Creek","JC3","JC3LQ15",96.5,28.9,"Large",NA,0,396627696.245431,1
"126","Glynn-Jointer Creek","JC3","JC3LQ16",99.4,29.2,"Large",NA,0,527968.17609347,1
"127","Glynn-Jointer Creek","JC3","JC3LQ17",95.3,35,"Large",223.751115685451,1,43640.1038678679,1
"128","Glynn-Jointer Creek","JC3","JC3LQ19",112.2,32.5,"Large",170.985555631926,1,121726560.612087,1
"129","Glynn-Jointer Creek","JC3","JC3LQ2",109.2,31.9,"Large",306.966055821536,1,21730.4372638095,1
"130","Glynn-Jointer Creek","JC3","JC3LQ20",83.1,32.9,"Large",NA,0,91305.537051504,1
"131","Glynn-Jointer Creek","JC3","JC3LQ21",92.7,30.8,"Large",8.65669103003322,1,64319.1875829533,1
"132","Glynn-Jointer Creek","JC3","JC3LQ22",88.4,31.2,"Large",254.942141488381,1,46970793088.2045,1
"133","Glynn-Jointer Creek","JC3","JC3LQ23",92.3,34.6,"Large",NA,0,4462029.03711877,1
"134","Glynn-Jointer Creek","JC3","JC3LQ24",84.7,25.6,"Large",1518.71999747795,1,176897102945.573,1
"135","Glynn-Jointer Creek","JC3","JC3LQ3",70.5,27.3,"Large",1001.86959872592,1,NA,0
"136","Glynn-Jointer Creek","JC3","JC3LQ4",76,29.1,"Large",9768.38060505238,1,33945.1226383886,1
"137","Glynn-Jointer Creek","JC3","JC3LQ5",78.6,31.4,"Large",28718.8471248794,1,NA,0
"138","Glynn-Jointer Creek","JC3","JC3LQ6",118.5,29.9,"Large",25089.8614127317,1,72806.0094872139,1
"139","Glynn-Jointer Creek","JC3","JC3LQ7",92.1,27.9,"Large",23.7163990715435,1,10502841.1466857,1
"140","Glynn-Jointer Creek","JC3","JC3LQ8",94.8,26.2,"Large",16.1181321257252,1,148443.299046166,1
"141","Glynn-Jointer Creek","JC3","JC3LQ9",75.1,28.9,"Large",1981.39040391672,1,36679961465.6324,1
"142","Liberty-Sunbury","SB1","SB1LQ1",62,28.4,"Large",NA,0,NA,0
"143","Liberty-Sunbury","SB1","SB1LQ10",70.8,31.7,"Large",151.396241419192,1,NA,0
"144","Liberty-Sunbury","SB1","SB1LQ11",96.1,33.5,"Large",568.525313051315,1,32050783.7358936,1
"145","Liberty-Sunbury","SB1","SB1LQ12",75,41.6,"Large",479390.289510889,1,NA,0
"146","Liberty-Sunbury","SB1","SB1LQ13",66.7,25.1,"Large",1.19679105969391,1,349917.53480739,1
"147","Liberty-Sunbury","SB1","SB1LQ14",59.1,31.3,"Large",190.019997368135,1,2397583.26488063,1
"148","Liberty-Sunbury","SB1","SB1LQ15",75.3,38.1,"Large",87517.3788074198,1,NA,0
"149","Liberty-Sunbury","SB1","SB1LQ16",65.8,30.3,"Large",1740.08558139534,1,NA,0
"150","Liberty-Sunbury","SB1","SB1LQ17",77.4,30,"Large",3015.05207622653,1,NA,0
"151","Liberty-Sunbury","SB1","SB1LQ18",63.6,29.7,"Large",NA,0,NA,0
"152","Liberty-Sunbury","SB1","SB1LQ19",75.4,37.5,"Large",942.07979629069,1,2726613906.28551,1
"153","Liberty-Sunbury","SB1","SB1LQ2",81.2,30.7,"Large",NA,0,NA,0
"154","Liberty-Sunbury","SB1","SB1LQ3",91.4,32.6,"Large",6443.21965475722,1,71335.0153141094,1
"155","Liberty-Sunbury","SB1","SB1LQ4",65.8,35.9,"Large",NA,0,NA,0
"156","Liberty-Sunbury","SB1","SB1LQ5",79.7,28.5,"Large",NA,0,NA,0
"157","Liberty-Sunbury","SB1","SB1LQ6",72.9,33.4,"Large",NA,0,NA,0
"158","Liberty-Sunbury","SB1","SB1LQ7",90.6,33.9,"Large",NA,0,NA,0
"159","Liberty-Sunbury","SB1","SB1LQ8",84.8,41.2,"Large",3432.061514088,1,NA,0
"160","Liberty-Sunbury","SB1","SB1LQ9",70.4,32.8,"Large",68.1325555084342,1,NA,0
"161","Liberty-Sunbury","SB2","SB2LQ1",69.4,34.6,"Large",8.77588189935021,1,1216934.16049993,1
"162","Liberty-Sunbury","SB2","SB2LQ10",72.8,38.9,"Large",4346.42383086364,1,3082282.21271927,1
"163","Liberty-Sunbury","SB2","SB2LQ11",85.9,38.7,"Large",4485.00134667574,1,937867536.886582,1
"164","Liberty-Sunbury","SB2","SB2LQ12",87.1,33.2,"Large",33017.4186572381,1,367050984840.879,1
"165","Liberty-Sunbury","SB2","SB2LQ13",81.3,42.1,"Large",142.263993974382,1,12615553.6408835,1
"166","Liberty-Sunbury","SB2","SB2LQ14",97.6,36.4,"Large",845.703184031009,1,787236823.675967,1
"167","Liberty-Sunbury","SB2","SB2LQ15",79.7,42.2,"Large",NA,0,1185331.07523245,1
"168","Liberty-Sunbury","SB2","SB2LQ16",79.6,31.1,"Large",587.550645320091,1,1864865.08390224,1
"169","Liberty-Sunbury","SB2","SB2LQ17",82.4,33.9,"Large",1230.85644371814,1,25869327.1643716,1
"170","Liberty-Sunbury","SB2","SB2LQ18",70.8,38.6,"Large",2.7294801557872,1,76636.9727379146,1
"171","Liberty-Sunbury","SB2","SB2LQ19",71.2,30,"Large",2.76895659684864,1,231158278.139313,1
"172","Liberty-Sunbury","SB2","SB2LQ2",83.3,30.4,"Large",488.410877955808,1,6116856337.20467,1
"173","Liberty-Sunbury","SB2","SB2LQ20",90.9,38.7,"Large",1.05136721958896,1,38044692999.3318,1
"174","Liberty-Sunbury","SB2","SB2LQ21",83.2,38.5,"Large",143.024221104652,1,15994756.8704256,1
"175","Liberty-Sunbury","SB2","SB2LQ22",78.4,35.9,"Large",0.262247661907859,1,727476.20307623,1
"176","Liberty-Sunbury","SB2","SB2LQ23",73.3,27.1,"Large",2316.98322751374,1,4462439.39181557,1
"177","Liberty-Sunbury","SB2","SB2LQ24",123.2,41.8,"Large",94.1008769371703,1,1063354660.9403,1
"178","Liberty-Sunbury","SB2","SB2LQ25",66.1,33.3,"Large",164.4193619494,1,293964.001786343,1
"179","Liberty-Sunbury","SB2","SB2LQ3",70.2,38.7,"Large",97.4056129319834,1,588921.477885882,1
"180","Liberty-Sunbury","SB2","SB2LQ4",72.3,39.5,"Large",75.8368930900817,1,1523359.63039863,1
"181","Liberty-Sunbury","SB2","SB2LQ5",100.6,43.9,"Large",0.811922293391001,1,459589.497994423,1
"182","Liberty-Sunbury","SB2","SB2LQ6",83.4,34.1,"Large",0.663770604163315,1,1925646.58216639,1
"183","Liberty-Sunbury","SB2","SB2LQ7",90.8,41.2,"Large",3.14882725539673,1,894994.26646998,1
"184","Liberty-Sunbury","SB2","SB2LQ8",106.3,39.9,"Large",12.7354210804826,1,636448.287702151,1
"185","Liberty-Sunbury","SB2","SB2LQ9",100.9,43.8,"Large",877.021019876709,1,559944014.116351,1
"186","Liberty-Sunbury","SB2","TB2LQ1",81.6,42.3,"Large",1479.84162263978,1,NA,NA
"187","Liberty-Sunbury","SB3","SB3LQ1",91.3,41.6,"Large",NA,0,1373222.563484,1
"188","Liberty-Sunbury","SB3","SB3LQ10",62.1,32.4,"Large",NA,0,1819872.8873289,1
"189","Liberty-Sunbury","SB3","SB3LQ11",68,35.1,"Large",NA,0,8044319.13965482,1
"190","Liberty-Sunbury","SB3","SB3LQ12",82.3,31.3,"Large",2419.63090882655,1,9745024430.40695,1
"191","Liberty-Sunbury","SB3","SB3LQ13",62.7,33.1,"Large",34927.4492068716,1,486020.223679246,1
"192","Liberty-Sunbury","SB3","SB3LQ14",61.8,30.8,"Large",295.936520051248,1,868559.994877231,1
"193","Liberty-Sunbury","SB3","SB3LQ15",65,31.7,"Large",150.612289711448,1,333195.108132073,1
"194","Liberty-Sunbury","SB3","SB3LQ16",76.9,30.9,"Large",6189.19716180883,1,207863.84338149,1
"195","Liberty-Sunbury","SB3","SB3LQ17",67.2,29.6,"Large",1146.98895562106,1,32138436.1040163,1
"196","Liberty-Sunbury","SB3","SB3LQ18",66.7,23.8,"Large",5931.93537218529,1,92608679.5772484,1
"197","Liberty-Sunbury","SB3","SB3LQ19",69.8,22.5,"Large",16648.0705687828,1,2037730.485794,1
"198","Liberty-Sunbury","SB3","SB3LQ2",61.9,39.8,"Large",6.13304943478301,1,105108490.793636,1
"199","Liberty-Sunbury","SB3","SB3LQ20",70.3,30.1,"Large",2001.71377641367,1,2200836.72397158,1
"200","Liberty-Sunbury","SB3","SB3LQ21",65.1,23.3,"Large",25.6002760974223,1,365200.954953774,1
"201","Liberty-Sunbury","SB3","SB3LQ22",63,33.7,"Large",14022.0307083414,1,1124296.13720028,1
"202","Liberty-Sunbury","SB3","SB3LQ23",63.8,37.9,"Large",11896.3893255923,1,2435072.11800348,1
"203","Liberty-Sunbury","SB3","SB3LQ3",72.2,30.7,"Large",NA,0,830952.822921979,1
"204","Liberty-Sunbury","SB3","SB3LQ4",90.1,36.8,"Large",360.328637515079,1,2955240.88900721,1
"205","Liberty-Sunbury","SB3","SB3LQ5",73.8,31.6,"Large",33093.8190739897,1,587427.735500681,1
"206","Liberty-Sunbury","SB3","SB3LQ6",64.9,27.9,"Large",787.022925893626,1,277115.343785809,1
"207","Liberty-Sunbury","SB3","SB3LQ7",70.4,26.2,"Large",10356.8431322795,1,1925431.25469399,1
"208","Liberty-Sunbury","SB3","SB3LQ8",73.9,36.9,"Large",2278.56780745333,1,34726235864.7199,1
"209","Liberty-Sunbury","SB3","SB3LQ9",78.5,38.3,"Large",126301.608944135,1,4451616.06823067,1
"210","Little Ogeechee","LO1","LO1LQ1",88.6,32.9,"Large",20.2141089980326,1,3130666.32755831,1
"211","Little Ogeechee","LO1","LO1LQ10",80.7,33.2,"Large",16.5591369097693,1,1250209032706.76,1
"212","Little Ogeechee","LO1","LO1LQ11",79.1,32.6,"Large",818.58877395153,1,3934903.78200907,1
"213","Little Ogeechee","LO1","LO1LQ12",73.9,34.5,"Large",0.172746808498254,1,674477.616198546,1
"214","Little Ogeechee","LO1","LO1LQ13",119.8,38.2,"Large",817.764685062539,1,1152269.50753809,1
"215","Little Ogeechee","LO1","LO1LQ14",82.5,35.4,"Large",6594.54353379895,1,870301.310388976,1
"216","Little Ogeechee","LO1","LO1LQ15",72.7,34,"Large",12.2937544850472,1,1611422447915.07,1
"217","Little Ogeechee","LO1","LO1LQ16",70.9,33.2,"Large",2669.06157696953,1,898281.358309799,1
"218","Little Ogeechee","LO1","LO1LQ17",91.3,36.6,"Large",5953.57285546209,1,1120085.90815207,1
"219","Little Ogeechee","LO1","LO1LQ18",84.1,32,"Large",6.19884674460788,1,379484.393578149,1
"220","Little Ogeechee","LO1","LO1LQ19",71.5,38.7,"Large",146.322813828206,1,318279.899344137,1
"221","Little Ogeechee","LO1","LO1LQ2",96.3,42.4,"Large",1093.34015928017,1,43439.8570571887,1
"222","Little Ogeechee","LO1","LO1LQ20",81.3,37.9,"Large",0.365469853589617,1,864565577.441055,1
"223","Little Ogeechee","LO1","LO1LQ21",90.4,40.4,"Large",738.050912474791,1,712606134643.96,1
"224","Little Ogeechee","LO1","LO1LQ22",115.3,32.1,"Large",74168.6992928822,1,3437815.47050949,1
"225","Little Ogeechee","LO1","LO1LQ23",69.8,31.9,"Large",1301640.68199285,1,324748.444095389,1
"226","Little Ogeechee","LO1","LO1LQ24",53.7,34.9,"Large",99.4693029419187,1,2270757.30002693,1
"227","Little Ogeechee","LO1","LO1LQ3",71.9,30.6,"Large",8791.62813259775,1,179142.402954659,1
"228","Little Ogeechee","LO1","LO1LQ4",121.5,48.3,"Large",4928.88698502794,1,82827795840180.8,1
"229","Little Ogeechee","LO1","LO1LQ5",93.1,30,"Large",25657.450281704,1,30820983.6190983,1
"230","Little Ogeechee","LO1","LO1LQ6",105,29.9,"Large",NA,0,4086478201.36192,1
"231","Little Ogeechee","LO1","LO1LQ7",73.9,28.8,"Large",NA,0,8300.06969565823,1
"232","Little Ogeechee","LO1","LO1LQ8",83.6,33.5,"Large",NA,0,86404.8736528598,1
"233","Little Ogeechee","LO1","LO1LQ9",105.6,31.6,"Large",12.3373741751506,1,27138638.4225907,1
"234","Little Ogeechee","LO2","LO2LQ1",76.9,38.1,"Large",26.2148765215342,1,729156.048742466,1
"235","Little Ogeechee","LO2","LO2LQ10",93.5,37.3,"Large",46.5199433209168,1,187224160.925288,1
"236","Little Ogeechee","LO2","LO2LQ11",72.5,31.3,"Large",1173.10384308145,1,1773980.94691694,1
"237","Little Ogeechee","LO2","LO2LQ12",74.2,28.1,"Large",NA,0,21431085.9479048,1
"238","Little Ogeechee","LO2","LO2LQ13",91.9,22.5,"Large",NA,0,21574241.7254381,1
"239","Little Ogeechee","LO2","LO2LQ14",93,29.7,"Large",NA,0,166304491171.453,1
"240","Little Ogeechee","LO2","LO2LQ15",74.2,31.5,"Large",3914.03044578304,1,2637945340.49117,1
"241","Little Ogeechee","LO2","LO2LQ16",73.9,28,"Large",NA,0,39552.3330710366,1
"242","Little Ogeechee","LO2","LO2LQ17",69.9,24.3,"Large",44.9965426533173,1,104009608.877591,1
"243","Little Ogeechee","LO2","LO2LQ18",61.7,22,"Large",149.443836585414,1,7684389899006.34,1
"244","Little Ogeechee","LO2","LO2LQ19",73.4,46.7,"Large",36572.3190009356,1,7309118.90611902,1
"245","Little Ogeechee","LO2","LO2LQ2",77.8,33.9,"Large",377.491765083323,1,116709392.2334,1
"246","Little Ogeechee","LO2","LO2LQ20",63.8,43,"Large",1048.87136913077,1,844142.024915832,1
"247","Little Ogeechee","LO2","LO2LQ21",62.9,34.7,"Large",2159.17416421676,1,2273592383152.88,1
"248","Little Ogeechee","LO2","LO2LQ22",72.7,29.1,"Large",781.622206827385,1,9679315948368.8,1
"249","Little Ogeechee","LO2","LO2LQ23",77.6,24.6,"Large",721.572497904835,1,1485411850266.27,1
"250","Little Ogeechee","LO2","LO2LQ24",70.2,30.4,"Large",6.28558303181022,1,1094964.58655607,1
"251","Little Ogeechee","LO2","LO2LQ25",66.8,28.3,"Large",NA,0,67405626864.052,1
"252","Little Ogeechee","LO2","LO2LQ3",76.2,31.2,"Large",35.7157658831577,1,2341744953928.66,1
"253","Little Ogeechee","LO2","LO2LQ4",105.9,32.4,"Large",NA,0,164816.953192928,1
"254","Little Ogeechee","LO2","LO2LQ5",92.8,33.5,"Large",3771.39857383539,1,6514956.48783709,1
"255","Little Ogeechee","LO2","LO2LQ6",92.6,36.1,"Large",NA,0,409723.968327564,1
"256","Little Ogeechee","LO2","LO2LQ7",81.5,26,"Large",961.194012642505,1,1045129911.36675,1
"257","Little Ogeechee","LO2","LO2LQ8",65.5,32.6,"Large",169.570770964856,1,17568204.6313279,1
"258","Little Ogeechee","LO2","LO2LQ9",67.3,25.9,"Large",3307.46607469183,1,1332189.45342649,1
"259","Little Ogeechee","LO3","LO3LQ1",96.9,33.5,"Large",1.45273125587342,1,2776949.24644923,1
"260","Little Ogeechee","LO3","LO3LQ10",79.4,34.2,"Large",NA,0,265797.238990315,1
"261","Little Ogeechee","LO3","LO3LQ11",110.5,32.7,"Large",NA,0,NA,0
"262","Little Ogeechee","LO3","LO3LQ12",104.9,31.7,"Large",93468.9588133548,1,3428815.45964277,1
"263","Little Ogeechee","LO3","LO3LQ13",102.8,35.1,"Large",NA,0,659703.591864451,1
"264","Little Ogeechee","LO3","LO3LQ14",110.8,32.9,"Large",213.53783538811,1,40047194.3589716,1
"265","Little Ogeechee","LO3","LO3LQ15",92.2,40.8,"Large",5202.05274997297,1,NA,0
"266","Little Ogeechee","LO3","LO3LQ16",97.5,22.9,"Large",21.3859931427857,1,2665171695.49106,1
"267","Little Ogeechee","LO3","LO3LQ17",85,34.7,"Large",95.6403089376241,1,2239382.72876169,1
"268","Little Ogeechee","LO3","LO3LQ18",92.1,32.8,"Large",3334.2310199644,1,2021703.50008861,1
"269","Little Ogeechee","LO3","LO3LQ19",92.3,33.2,"Large",2.86647078900993,1,30518494284.9485,1
"270","Little Ogeechee","LO3","LO3LQ2",76.4,23.7,"Large",3659.92581605522,1,23299679.8865497,1
"271","Little Ogeechee","LO3","LO3LQ20",91.9,35.8,"Large",2.70796773830237,1,108313835658479,1
"272","Little Ogeechee","LO3","LO3LQ21",93.4,32.9,"Large",NA,0,111522415.310705,1
"273","Little Ogeechee","LO3","LO3LQ22",84.6,27.7,"Large",4.48952129463754,1,2313088.30246098,1
"274","Little Ogeechee","LO3","LO3LQ23",90.3,31.4,"Large",4433.29233498339,1,546449.639560868,1
"275","Little Ogeechee","LO3","LO3LQ24",83.1,30.8,"Large",18536.8637525667,1,282904.800838194,1
"276","Little Ogeechee","LO3","LO3LQ25",73,28.4,"Large",891.46791425176,1,NA,0
"277","Little Ogeechee","LO3","LO3LQ3",96.5,30.8,"Large",21518.8071697206,1,242972870806.455,1
"278","Little Ogeechee","LO3","LO3LQ4",110.9,33,"Large",5797.59337507385,1,NA,0
"279","Little Ogeechee","LO3","LO3LQ5",84.3,33.2,"Large",NA,0,18527196.0931327,1
"280","Little Ogeechee","LO3","LO3LQ6",102.9,27.9,"Large",1560.87812795862,1,NA,0
"281","Little Ogeechee","LO3","LO3LQ7",83.4,33.1,"Large",246.887712900004,1,NA,0
"282","Little Ogeechee","LO3","LO3LQ8",111,30.8,"Large",105.713618354508,1,NA,0
"283","Little Ogeechee","LO3","LO3LQ9",94.9,32.3,"Large",34.9184296532209,1,NA,0
"284","McIntosh","MI1","MI1LQ1",90.6,38.4,"Large",19872.955840526,1,756254226.745066,1
"285","McIntosh","MI1","MI1LQ10",86.2,36.9,"Large",605.784468896983,1,1308689.48186141,1
"286","McIntosh","MI1","MI1LQ11",103.6,47.2,"Large",17875.7213243293,1,NA,0
"287","McIntosh","MI1","MI1LQ12",100.4,30.6,"Large",921.74028785506,1,250280540.733039,1
"288","McIntosh","MI1","MI1LQ13",112.1,41.3,"Large",1259.24625087139,1,NA,0
"289","McIntosh","MI1","MI1LQ14",122.6,42.9,"Large",1230.47179698326,1,5333758.97073668,1
"290","McIntosh","MI1","MI1LQ16",90.5,40.6,"Large",986.997332834672,1,5566.03725651013,1
"291","McIntosh","MI1","MI1LQ17",101.6,33.2,"Large",41423.6889227291,1,40098.9537256492,1
"292","McIntosh","MI1","MI1LQ18",97,33.7,"Large",3.19337729098888,1,1010534899.82766,1
"293","McIntosh","MI1","MI1LQ19",86.9,31.2,"Large",NA,0,NA,0
"294","McIntosh","MI1","MI1LQ2",110.8,37.8,"Large",189.822307971571,1,14541710.4316658,1
"295","McIntosh","MI1","MI1LQ20",101.8,34.9,"Large",10967.382903554,1,NA,0
"296","McIntosh","MI1","MI1LQ21",102.4,39.6,"Large",9387.98495624265,1,NA,0
"297","McIntosh","MI1","MI1LQ22",101.9,30,"Large",8334.47399152975,1,NA,0
"298","McIntosh","MI1","MI1LQ23",88.8,38.7,"Large",45.5824642166382,1,24608.4504379061,1
"299","McIntosh","MI1","MI1LQ24",111.9,34.6,"Large",1.5782234320527,1,69803.7791265348,1
"300","McIntosh","MI1","MI1LQ3",97.3,41.1,"Large",128.756512696129,1,2757077.4815468,1
"301","McIntosh","MI1","MI1LQ4",79.6,36,"Large",2362.38193759821,1,241506.320015873,1
"302","McIntosh","MI1","MI1LQ5",118.1,36.2,"Large",5123.92859310824,1,458277240.335551,1
"303","McIntosh","MI1","MI1LQ6",83.9,34.8,"Large",5157.7871995006,1,NA,0
"304","McIntosh","MI1","MI1LQ7",82.3,41.2,"Large",500.052566791163,1,NA,0
"305","McIntosh","MI1","MI1LQ8",113.8,36.1,"Large",0.249790634214698,1,209315.587884255,1
"306","McIntosh","MI1","MI1LQ9",89.7,27,"Large",2.85094135059712,1,NA,0
"307","McIntosh","MI2","MI2LQ1",123.5,37.8,"Large",682.078364521923,1,887459511262.72,1
"308","McIntosh","MI2","MI2LQ10",97.3,38,"Large",5.81681155087699,1,3333299.41328956,1
"309","McIntosh","MI2","MI2LQ11",119,47.1,"Large",NA,0,NA,0
"310","McIntosh","MI2","MI2LQ12",94.5,34.2,"Large",7565.16633667752,1,NA,0
"311","McIntosh","MI2","MI2LQ13",101.2,42.2,"Large",1731.7441435095,1,65779742.9327372,1
"312","McIntosh","MI2","MI2LQ14",75.1,35.8,"Large",5621.82508585958,1,NA,0
"313","McIntosh","MI2","MI2LQ15",104.7,39.2,"Large",8494.47051055336,1,NA,0
"314","McIntosh","MI2","MI2LQ16",102.2,32.6,"Large",301.346629458652,1,12269537.0416134,1
"315","McIntosh","MI2","MI2LQ17",96.4,39.1,"Large",NA,0,NA,0
"316","McIntosh","MI2","MI2LQ18",113.1,40.8,"Large",572.627258203033,1,NA,0
"317","McIntosh","MI2","MI2LQ19",90.4,39.3,"Large",3995.36094996184,1,13655970495.9549,1
"318","McIntosh","MI2","MI2LQ2",104.3,38.2,"Large",28208.9369033267,1,NA,0
"319","McIntosh","MI2","MI2LQ20",80.2,41.8,"Large",3743.85390314865,1,3838840353403.36,1
"320","McIntosh","MI2","MI2LQ21",84.6,45.1,"Large",10226.6446469471,1,NA,0
"321","McIntosh","MI2","MI2LQ22",104.9,37.1,"Large",23632.3237693936,1,NA,0
"322","McIntosh","MI2","MI2LQ23",73.8,29,"Large",187.374879782678,1,4817694.95742097,1
"323","McIntosh","MI2","MI2LQ24",107.2,44.9,"Large",NA,0,NA,0
"324","McIntosh","MI2","MI2LQ25",92.8,38.2,"Large",NA,0,998645.472351447,1
"325","McIntosh","MI2","MI2LQ3",78.7,37.9,"Large",63.8287030215614,1,NA,0
"326","McIntosh","MI2","MI2LQ4",100.3,35.6,"Large",NA,0,684404456.164885,1
"327","McIntosh","MI2","MI2LQ5",86.7,37,"Large",697.220022360245,1,NA,0
"328","McIntosh","MI2","MI2LQ6",99.2,39.6,"Large",24924.84322059,1,10576791.9496461,1
"329","McIntosh","MI2","MI2LQ7",96.9,32.3,"Large",1972.92194743002,1,NA,0
"330","McIntosh","MI2","MI2LQ8",94,33.7,"Large",687.631525426513,1,14109088.8999642,1
"331","McIntosh","MI2","MI2LQ9",108.4,48.1,"Large",1396.82188876542,1,4744158.35176716,1
"332","McIntosh","MI3","MI3LQ1",83.9,35.5,"Large",NA,0,22058.2750280824,1
"333","McIntosh","MI3","MI3LQ10",70.4,34.8,"Large",43.0026764451939,1,389455.557158429,1
"334","McIntosh","MI3","MI3LQ11",92.6,34.7,"Large",108.281768771581,1,14920513068.344,1
"335","McIntosh","MI3","MI3LQ12",69.9,42.4,"Large",4.11060593435048,1,5021100079.74019,1
"336","McIntosh","MI3","MI3LQ13",73.1,33.7,"Large",NA,0,1316651.51695215,1
"337","McIntosh","MI3","MI3LQ14",81.5,48.3,"Large",NA,0,11125207.1219335,1
"338","McIntosh","MI3","MI3LQ15",81.5,48.3,"Large",18.3136810670069,1,149568806.172815,1
"339","McIntosh","MI3","MI3LQ16",75.7,42.3,"Large",NA,0,336806.78832314,1
"340","McIntosh","MI3","MI3LQ17",73,33.8,"Large",NA,0,9002287.59823446,1
"341","McIntosh","MI3","MI3LQ18",69,39.8,"Large",NA,0,55968056.524901,1
"342","McIntosh","MI3","MI3LQ19",70.4,31,"Large",NA,0,259630.304966424,1
"343","McIntosh","MI3","MI3LQ2",74.1,35.2,"Large",516100.540547253,1,168650692901.072,1
"344","McIntosh","MI3","MI3LQ20",74.9,31.4,"Large",231545.68390603,1,11911302991422.6,1
"345","McIntosh","MI3","MI3LQ21",70.8,36.7,"Large",NA,0,89143.9667103889,1
"346","McIntosh","MI3","MI3LQ22",82.1,31.2,"Large",NA,0,16080.8343521331,1
"347","McIntosh","MI3","MI3LQ23",81.3,36,"Large",NA,0,652459.857152995,1
"348","McIntosh","MI3","MI3LQ24",68.5,42.1,"Large",NA,0,6739940180993.78,1
"349","McIntosh","MI3","MI3LQ25",70.4,39.2,"Large",1.45242263490254,1,43778.5041805239,1
"350","McIntosh","MI3","MI3LQ3",75.5,39.6,"Large",NA,0,160968.903608875,1
"351","McIntosh","MI3","MI3LQ4",78.3,42.7,"Large",NA,0,486610.364287784,1
"352","McIntosh","MI3","MI3LQ5",66.2,40,"Large",NA,0,12263.3533626465,1
"353","McIntosh","MI3","MI3LQ6",80.2,49.3,"Large",NA,0,NA,0
"354","McIntosh","MI3","MI3LQ7",73.4,47.6,"Large",NA,0,280665302215.678,1
"355","McIntosh","MI3","MI3LQ8",63.8,34.9,"Large",NA,0,266937.685462233,1
"356","McIntosh","MI3","MI3LQ9",83.3,42.9,"Large",NA,0,NA,0
"357","McKay River","MR1","MR1LQ1",72.4,41.6,"Large",4798.09512766731,1,1464736.2504509,1
"358","McKay River","MR1","MR1LQ10",104.1,32.9,"Large",60.1337214232831,1,11489050647008.4,1
"359","McKay River","MR1","MR1LQ11",68.3,30.5,"Large",20967.0123656093,1,157203507.256614,1
"360","McKay River","MR1","MR1LQ12",87.5,33,"Large",NA,0,24010465944923.2,1
"361","McKay River","MR1","MR1LQ13",84.5,35.1,"Large",NA,0,692007448.182957,1
"362","McKay River","MR1","MR1LQ14",82.8,32.6,"Large",5218.48220857474,1,6517939120.44891,1
"363","McKay River","MR1","MR1LQ15",66.8,39.9,"Large",NA,0,19878947740.7249,1
"364","McKay River","MR1","MR1LQ16",79.6,42.7,"Large",6416.75332111051,1,4344947.06918482,1
"365","McKay River","MR1","MR1LQ17",80.1,37.5,"Large",3.33079702844546,1,80638574.5607078,1
"366","McKay River","MR1","MR1LQ19",66.3,32.1,"Large",17666.1824729976,1,1168255158.64817,1
"367","McKay River","MR1","MR1LQ2",84.6,51.3,"Large",9403.25213994813,1,1729552877.23489,1
"368","McKay River","MR1","MR1LQ20",79.9,42.3,"Large",26246.184637044,1,2122837205.81135,1
"369","McKay River","MR1","MR1LQ22",95.1,38.6,"Large",615.8623241547,1,1054237878.19253,1
"370","McKay River","MR1","MR1LQ23",94.1,44.6,"Large",1578.61166111345,1,352602.479471177,1
"371","McKay River","MR1","MR1LQ24",82.8,33.7,"Large",360.579011539284,1,174883425.377564,1
"372","McKay River","MR1","MR1LQ25",62.6,33.2,"Large",3942.63381770428,1,1818794073.70289,1
"373","McKay River","MR1","MR1LQ3",72.8,38.4,"Large",79.9846122008244,1,748292026513.929,1
"374","McKay River","MR1","MR1LQ4",78.2,29.8,"Large",8693.12540543009,1,762318846.83969,1
"375","McKay River","MR1","MR1LQ5",75.4,46.2,"Large",3304.11368983918,1,436953652.476359,1
"376","McKay River","MR1","MR1LQ6",89.2,40.2,"Large",11952.0012503082,1,1368041992737.24,1
"377","McKay River","MR1","MR1LQ7",65.1,41.5,"Large",NA,0,16188295661.0379,1
"378","McKay River","MR1","MR1LQ8",92.4,30.9,"Large",6310.48347974061,1,601753844734.743,1
"379","McKay River","MR1","MR1LQ9",85.2,43.6,"Large",NA,0,15755196826.3081,1
"380","McKay River","MR2","MR2LQ1",96.9,52.9,"Large",1332.80829987833,1,180436483433.188,1
"381","McKay River","MR2","MR2LQ10",87.6,45.8,"Large",NA,0,1921025.84935457,1
"382","McKay River","MR2","MR2LQ11",74.9,39.2,"Large",5792.95767307761,1,47148037.8206136,1
"383","McKay River","MR2","MR2LQ12",82,41.9,"Large",NA,0,2134727207420.53,1
"384","McKay River","MR2","MR2LQ13",80.4,43.9,"Large",6736.7292768602,1,28813493.6147226,1
"385","McKay River","MR2","MR2LQ14",95.9,43.8,"Large",5729.72537943136,1,31095884290.9592,1
"386","McKay River","MR2","MR2LQ15",102.3,41.7,"Large",0.504339418971522,1,47553244.360888,1
"387","McKay River","MR2","MR2LQ16",68.8,37.1,"Large",3398.61671410527,1,128125100.016267,1
"388","McKay River","MR2","MR2LQ17",80.9,41.9,"Large",NA,0,40371601.7121357,1
"389","McKay River","MR2","MR2LQ18",83.7,38.5,"Large",321.371475125254,1,407785206312.356,1
"390","McKay River","MR2","MR2LQ19",68.7,38.9,"Large",NA,0,611723252.381782,1
"391","McKay River","MR2","MR2LQ2",82,35.4,"Large",0.634390889614112,1,1363847.8719187,1
"392","McKay River","MR2","MR2LQ20",80.6,48.1,"Large",NA,0,29362236456853.3,1
"393","McKay River","MR2","MR2LQ21",92,42.3,"Large",3212.89884214889,1,3619183.65075942,1
"394","McKay River","MR2","MR2LQ22",74.6,37.2,"Large",23.8741543890287,1,897268.756655147,1
"395","McKay River","MR2","MR2LQ23",115.8,56.1,"Large",NA,0,104892277.280879,1
"396","McKay River","MR2","MR2LQ24",81.1,32.1,"Large",NA,0,4243950394.38267,1
"397","McKay River","MR2","MR2LQ25",112.6,49.1,"Large",142.400657907897,1,44330628806.3325,1
"398","McKay River","MR2","MR2LQ3",91.9,42.1,"Large",2519.83440493637,1,1319491.57700218,1
"399","McKay River","MR2","MR2LQ4",90.8,39.7,"Large",280.028845801766,1,1185431318107.69,1
"400","McKay River","MR2","MR2LQ5",82.6,36.8,"Large",231.888501836846,1,7231264.86478979,1
"401","McKay River","MR2","MR2LQ6",70.7,36.9,"Large",NA,0,322781.376898436,1
"402","McKay River","MR2","MR2LQ7",68.2,41.9,"Large",1338.46269958857,1,7020153.3075846,1
"403","McKay River","MR2","MR2LQ8",80.2,43.4,"Large",0.170401645861426,1,425486504.0815,1
"404","McKay River","MR2","MR2LQ9",72.6,36.1,"Large",7745.03158797962,1,552552.004718001,1
"405","McKay River","MR3","MR3LQ1",96.9,37.5,"Large",NA,0,57901.1838496777,1
"406","McKay River","MR3","MR3LQ10",92,42.8,"Large",1.64835938925475,1,104616822.341448,1
"407","McKay River","MR3","MR3LQ11",80.1,38.3,"Large",8905.44540975917,1,145913.175300595,1
"408","McKay River","MR3","MR3LQ12",88.3,31.6,"Large",3.25165684569546,1,3192280068.09797,1
"409","McKay River","MR3","MR3LQ13",92.2,42.7,"Large",NA,0,2728275.40673823,1
"410","McKay River","MR3","MR3LQ14",83.9,42.1,"Large",2025.32373588505,1,221534.278467299,1
"411","McKay River","MR3","MR3LQ15",74.8,32.9,"Large",5.49724523328217,1,4085795.85027608,1
"412","McKay River","MR3","MR3LQ16",79.3,33.7,"Large",NA,0,6293333.05465641,1
"413","McKay River","MR3","MR3LQ17",73.7,31,"Large",NA,0,16214224.7723863,1
"414","McKay River","MR3","MR3LQ18",101.2,36.4,"Large",950.647959446944,1,11058248832.2114,1
"415","McKay River","MR3","MR3LQ19",112.8,45.2,"Large",156.635667841232,1,307678408431.811,1
"416","McKay River","MR3","MR3LQ2",98.6,37.2,"Large",2.5566596393609,1,66711452.3297638,1
"417","McKay River","MR3","MR3LQ20",89.6,31.1,"Large",NA,0,4686481.48078666,1
"418","McKay River","MR3","MR3LQ21",81.1,37.6,"Large",1607.26987808517,1,902819586090.385,1
"419","McKay River","MR3","MR3LQ22",99.7,33.2,"Large",2754.11967536367,1,1270532367.71895,1
"420","McKay River","MR3","MR3LQ23",72,30.9,"Large",330.538274118559,1,10493864849.1748,1
"421","McKay River","MR3","MR3LQ24",95.8,33.8,"Large",2046.25371162885,1,227274031.865365,1
"422","McKay River","MR3","MR3LQ25",82.3,45.1,"Large",NA,0,NA,0
"423","McKay River","MR3","MR3LQ3",88.5,37.2,"Large",8.70720145678655,1,13178184066.6177,1
"424","McKay River","MR3","MR3LQ4",74.2,39.8,"Large",111.414167078464,1,NA,0
"425","McKay River","MR3","MR3LQ5",96.7,31.9,"Large",0.491947642395875,1,21345692994.3961,1
"426","McKay River","MR3","MR3LQ6",70.4,27.5,"Large",14164.6899236296,1,147985.772120078,1
"427","McKay River","MR3","MR3LQ7",99.8,35.2,"Large",55.2703200871637,1,NA,0
"428","McKay River","MR3","MR3LQ8",96.2,30.3,"Large",2946.24880737904,1,537587882.983375,1
"429","McKay River","MR3","MR3LQ9",71.1,42.7,"Large",62.9948939901485,1,NA,0
"430","Romerly Marsh","RM1","RM1LQ1",83.8,45.4,"Large",233.552210427418,1,265471668.133565,1
"431","Romerly Marsh","RM1","RM1LQ10",54.8,39.4,"Large",NA,0,279489875.689642,1
"432","Romerly Marsh","RM1","RM1LQ11",70.7,36.5,"Large",NA,0,6847059748.84276,1
"433","Romerly Marsh","RM1","RM1LQ12",106.3,36.4,"Large",1893.81525711361,1,13533165489299.5,1
"434","Romerly Marsh","RM1","RM1LQ13",69.7,38.2,"Large",NA,0,250732.234783799,1
"435","Romerly Marsh","RM1","RM1LQ14",91.5,35.6,"Large",5.48697089871728,1,28678988224415.7,1
"436","Romerly Marsh","RM1","RM1LQ15",66.5,33.7,"Large",NA,0,17017532.235457,1
"437","Romerly Marsh","RM1","RM1LQ16",79.6,33.6,"Large",NA,0,1025949.05996503,1
"438","Romerly Marsh","RM1","RM1LQ17",63,49.2,"Large",2305.6678064203,1,121913339132.152,1
"439","Romerly Marsh","RM1","RM1LQ18",69.2,25.1,"Large",NA,0,83913351574269.5,1
"440","Romerly Marsh","RM1","RM1LQ19",76.2,30.5,"Large",5.6505132580187,1,358530429.291371,1
"441","Romerly Marsh","RM1","RM1LQ2",93.6,41.5,"Large",28.1107550536606,1,418197.400043153,1
"442","Romerly Marsh","RM1","RM1LQ20",66.4,35.3,"Large",860.231583946638,1,263392668019.295,1
"443","Romerly Marsh","RM1","RM1LQ21",77.9,41.4,"Large",NA,0,17223846.0798338,1
"444","Romerly Marsh","RM1","RM1LQ22",70.6,32.6,"Large",451.328690367915,1,44527112.3935595,1
"445","Romerly Marsh","RM1","RM1LQ23",78.7,31.9,"Large",0.943454573290117,1,28218290373322.2,1
"446","Romerly Marsh","RM1","RM1LQ24",73.2,40.3,"Large",62.8279441466479,1,35274215785.5993,1
"447","Romerly Marsh","RM1","RM1LQ25",90.9,44.8,"Large",1.16856438870274,1,449301298.396392,1
"448","Romerly Marsh","RM1","RM1LQ3",74.6,30,"Large",NA,0,11262388.1166845,1
"449","Romerly Marsh","RM1","RM1LQ4",86.3,34.2,"Large",NA,0,22858209582.6495,1
"450","Romerly Marsh","RM1","RM1LQ5",71.3,38.2,"Large",4.79761730712619,1,63322007347213.5,1
"451","Romerly Marsh","RM1","RM1LQ6",78.7,34.6,"Large",13.7342405914532,1,139438994.282728,1
"452","Romerly Marsh","RM1","RM1LQ7",78.8,33.8,"Large",NA,0,57943654926.9361,1
"453","Romerly Marsh","RM1","RM1LQ8",73.7,35.8,"Large",NA,0,360769.957446547,1
"454","Romerly Marsh","RM1","RM1LQ9",110.3,50.9,"Large",0.523670074871281,1,48290193.2185891,1
"455","Romerly Marsh","RM2","RM2LQ1",101.2,32,"Large",4069.39156456561,1,120597527843.274,1
"456","Romerly Marsh","RM2","RM2LQ10",80.1,27.4,"Large",258.668976908261,1,330829.883242471,1
"457","Romerly Marsh","RM2","RM2LQ11",65.2,31.8,"Large",NA,0,27708859325.5443,1
"458","Romerly Marsh","RM2","RM2LQ12",98.3,41.3,"Large",NA,0,14097.4627181555,1
"459","Romerly Marsh","RM2","RM2LQ13",76.4,38.7,"Large",NA,0,1758742.52632363,1
"460","Romerly Marsh","RM2","RM2LQ14",102.6,32.9,"Large",2.5980662062692,1,18203125.6537843,1
"461","Romerly Marsh","RM2","RM2LQ15",81.9,31.4,"Large",NA,0,6260796.33266335,1
"462","Romerly Marsh","RM2","RM2LQ16",72.8,34.9,"Large",NA,0,14686.9252698723,1
"463","Romerly Marsh","RM2","RM2LQ17",91.4,34.1,"Large",NA,0,NA,0
"464","Romerly Marsh","RM2","RM2LQ18",91.7,30.8,"Large",NA,0,32158108.2601816,1
"465","Romerly Marsh","RM2","RM2LQ19",82.8,33.2,"Large",NA,0,56329.016667826,1
"466","Romerly Marsh","RM2","RM2LQ2",76.3,32.5,"Large",NA,0,22914.5860866702,1
"467","Romerly Marsh","RM2","RM2LQ20",101.9,34.3,"Large",10.80115084627,1,13037735.3289283,1
"468","Romerly Marsh","RM2","RM2LQ21",96.5,39.5,"Large",NA,0,NA,0
"469","Romerly Marsh","RM2","RM2LQ22",94.6,25,"Large",124.610728241813,1,2318205.80315924,1
"470","Romerly Marsh","RM2","RM2LQ23",81.8,33.6,"Large",NA,0,21761239.2363589,1
"471","Romerly Marsh","RM2","RM2LQ24",62.6,18.1,"Large",NA,0,64589.7034620055,1
"472","Romerly Marsh","RM2","RM2LQ25",98.2,34.9,"Large",NA,0,NA,0
"473","Romerly Marsh","RM2","RM2LQ3",82.1,35.3,"Large",12.3856737914706,1,130586017.344972,1
"474","Romerly Marsh","RM2","RM2LQ4",105.8,27.7,"Large",3720.89310486166,1,50981786.2537222,1
"475","Romerly Marsh","RM2","RM2LQ5",89.7,32.1,"Large",1.00190078946655,1,1480921422.3921,1
"476","Romerly Marsh","RM2","RM2LQ6",62.6,28.3,"Large",268.317086607847,1,6471.30721927197,1
"477","Romerly Marsh","RM2","RM2LQ7",91.8,31,"Large",NA,0,113360.195341454,1
"478","Romerly Marsh","RM2","RM2LQ8",62.4,24.6,"Large",839.114455110514,1,29318869.164839,1
"479","Romerly Marsh","RM2","RM2LQ9",105.3,34.7,"Large",NA,0,NA,0
"480","Romerly Marsh","RM3","RM3LQ1",72.8,37.4,"Large",63.7439433972512,1,NA,0
"481","Romerly Marsh","RM3","RM3LQ10",103.9,41.5,"Large",0.216370770291971,1,29956.7619955287,1
"482","Romerly Marsh","RM3","RM3LQ11",74.5,35.5,"Large",81.7120035467244,1,27009225426.9535,1
"483","Romerly Marsh","RM3","RM3LQ12",65.8,42.9,"Large",206.785471755399,1,40139407177766.3,1
"484","Romerly Marsh","RM3","RM3LQ13",65.7,33,"Large",665.063622809127,1,9790151.93440133,1
"485","Romerly Marsh","RM3","RM3LQ14",103.7,37.8,"Large",1808.20183002539,1,NA,0
"486","Romerly Marsh","RM3","RM3LQ15",89,35.5,"Large",0.648536388460139,1,128460192.717934,1
"487","Romerly Marsh","RM3","RM3LQ16",90.7,48.8,"Large",0.688838183968062,1,589943.516277853,1
"488","Romerly Marsh","RM3","RM3LQ17",69.8,37.9,"Large",0.371211273093087,1,61983.0103604671,1
"489","Romerly Marsh","RM3","RM3LQ18",70.9,29.7,"Large",2.18511512730414,1,31089.0044582267,1
"490","Romerly Marsh","RM3","RM3LQ19",74.8,42.1,"Large",556.283351106313,1,7872148.50816476,1
"491","Romerly Marsh","RM3","RM3LQ2",82.6,39.6,"Large",558.822427649516,1,155675008.446463,1
"492","Romerly Marsh","RM3","RM3LQ20",79.2,45.4,"Large",NA,0,2108766998.66198,1
"493","Romerly Marsh","RM3","RM3LQ21",93.9,40.2,"Large",NA,0,NA,0
"494","Romerly Marsh","RM3","RM3LQ22",83.5,46,"Large",0.449400749378349,1,NA,0
"495","Romerly Marsh","RM3","RM3LQ23",82.6,41.2,"Large",170.565059403238,1,492256.566426792,1
"496","Romerly Marsh","RM3","RM3LQ24",72.5,41.2,"Large",81.0771795624134,1,8369579.176747,1
"497","Romerly Marsh","RM3","RM3LQ25",105.9,32.8,"Large",NA,0,39881.933564324,1
"498","Romerly Marsh","RM3","RM3LQ3",83.4,41.3,"Large",2136.67300033956,1,NA,0
"499","Romerly Marsh","RM3","RM3LQ4",82.5,43.7,"Large",1.00650106398946,1,NA,0
"500","Romerly Marsh","RM3","RM3LQ5",78.8,41.4,"Large",1160.36312930831,1,45235345.69479,1
"501","Romerly Marsh","RM3","RM3LQ6",52.6,34,"Large",NA,0,77904000402.1347,1
"502","Romerly Marsh","RM3","RM3LQ7",93.8,40.5,"Large",17.2361226727268,1,NA,0
"503","Romerly Marsh","RM3","RM3LQ8",81.5,32.8,"Large",0.744487645466819,1,NA,0
"504","Romerly Marsh","RM3","RM3LQ9",114,58.1,"Large",0.675112590162252,1,15973204.4597315,1
"505","Tybee","TB1","TB1LQ1",84.1,46.8,"Large",NA,0,14700016265350.4,1
"506","Tybee","TB1","TB1LQ10",68.3,30,"Large",NA,0,1308425837458.17,1
"507","Tybee","TB1","TB1LQ11",71,29.5,"Large",660.115712156275,1,NA,0
"508","Tybee","TB1","TB1LQ12",77.2,50.9,"Large",91.662436907,1,182881562868.138,1
"509","Tybee","TB1","TB1LQ13",55.9,30.8,"Large",NA,0,999197.492668783,1
"510","Tybee","TB1","TB1LQ14",63.2,30.3,"Large",19.2374980190006,1,419295788472.263,1
"511","Tybee","TB1","TB1LQ15",97.6,56.7,"Large",4084.45587359578,1,909168648680388,1
"512","Tybee","TB1","TB1LQ16",67.8,30.6,"Large",22.8568648270962,1,8008240.430094,1
"513","Tybee","TB1","TB1LQ17",72.1,37.2,"Large",41.0685044054679,1,9668327736.34925,1
"514","Tybee","TB1","TB1LQ18",83.7,30.3,"Large",4074.36199499041,1,16553092.9796375,1
"515","Tybee","TB1","TB1LQ19",70.9,35.1,"Large",599.085682004699,1,434927090648059,1
"516","Tybee","TB1","TB1LQ2",85.6,31.9,"Large",NA,0,31840980027.0553,1
"517","Tybee","TB1","TB1LQ20",54.1,25.1,"Large",1992.32920023349,1,10223913.1020467,1
"518","Tybee","TB1","TB1LQ21",52.7,31.9,"Large",NA,0,800296206400.015,1
"519","Tybee","TB1","TB1LQ22",51.3,33.6,"Large",203.869211047905,1,122148316547.042,1
"520","Tybee","TB1","TB1LQ23",61.9,35.8,"Large",256.98864376861,1,10825151725.5584,1
"521","Tybee","TB1","TB1LQ24",62.1,37.7,"Large",30.6096673109897,1,6296190907.64748,1
"522","Tybee","TB1","TB1LQ25",55.6,33.5,"Large",NA,0,1718302979.27862,1
"523","Tybee","TB1","TB1LQ3",72.5,33.4,"Large",NA,0,17574365.6858999,1
"524","Tybee","TB1","TB1LQ4",58.3,37.8,"Large",10740.2564619783,1,244907056321.878,1
"525","Tybee","TB1","TB1LQ5",84.3,39.9,"Large",2473.69945108399,1,176645241533.753,1
"526","Tybee","TB1","TB1LQ6",72.1,37.5,"Large",27064.526653146,1,65573793240.4599,1
"527","Tybee","TB1","TB1LQ7",98.9,43.6,"Large",NA,0,7844048829.46345,1
"528","Tybee","TB1","TB1LQ8",78.6,38.5,"Large",NA,0,1352722455.61224,1
"529","Tybee","TB1","TB1LQ9",117.1,45.9,"Large",NA,0,3302046022.49162,1
"530","Tybee","TB2","TB2LQ10",89.1,45.4,"Large",0.145004147019628,1,11330507.2735581,1
"531","Tybee","TB2","TB2LQ11",90,37.2,"Large",NA,0,1262893.83258095,1
"532","Tybee","TB2","TB2LQ12",63.9,35.1,"Large",NA,0,8515102825.08143,1
"533","Tybee","TB2","TB2LQ13",101.2,38.6,"Large",0.102464649038073,1,3410000152.83912,1
"534","Tybee","TB2","TB2LQ14",83.6,36.9,"Large",0.702534587822005,1,629511279.809756,1
"535","Tybee","TB2","TB2LQ15",78.2,40,"Large",27.0689123787955,1,1434632533.44498,1
"536","Tybee","TB2","TB2LQ16",70,38.5,"Large",NA,0,2559368.68616624,1
"537","Tybee","TB2","TB2LQ17",72.9,37.9,"Large",0.125301649464528,1,3276075194.67335,1
"538","Tybee","TB2","TB2LQ18",93.9,46.1,"Large",2.38868520955905,1,576693.454397563,1
"539","Tybee","TB2","TB2LQ19",85.7,37.8,"Large",0.486307623824802,1,29766696.5750819,1
"540","Tybee","TB2","TB2LQ2",84.7,42.1,"Large",26.0743745186218,1,NA,NA
"541","Tybee","TB2","TB2LQ20",65.5,35.2,"Large",14.4641994749157,1,3561636.32359632,1
"542","Tybee","TB2","TB2LQ21",72,39.9,"Large",265.529166446428,1,13494606.2597299,1
"543","Tybee","TB2","TB2LQ22",74.8,33.1,"Large",0.155352491148614,1,1232425.09297081,1
"544","Tybee","TB2","TB2LQ23",106.7,45.8,"Large",13.101166459123,1,36261558.621879,1
"545","Tybee","TB2","TB2LQ24",64.2,34.9,"Large",NA,0,942031.106714535,1
"546","Tybee","TB2","TB2LQ25",72.1,32.3,"Large",3.0234907310542,1,578184905771.742,1
"547","Tybee","TB2","TB2LQ3",83.1,34.3,"Large",5.21547429449625,1,NA,NA
"548","Tybee","TB2","TB2LQ4",78.4,38,"Large",3.13062779236346,1,NA,NA
"549","Tybee","TB2","TB2LQ5",116.3,42.8,"Large",59.268728640273,1,NA,NA
"550","Tybee","TB2","TB2LQ6",63.3,31.7,"Large",NA,0,NA,NA
"551","Tybee","TB2","TB2LQ7",104.8,34.6,"Large",0.999693756161775,1,NA,NA
"552","Tybee","TB2","TB2LQ8",101.7,44.5,"Large",3.7213702704313,1,5958211.50449011,1
"553","Tybee","TB2","TB2LQ9",81.5,39.4,"Large",1.6144315272432,1,176337.076152206,1
"554","Tybee","TB3","TB3LQ1",124.9,42.3,"Large",NA,0,602355.875256606,1
"555","Tybee","TB3","TB3LQ10",125,33.5,"Large",NA,0,29868.3599423964,1
"556","Tybee","TB3","TB3LQ11",74.9,38.3,"Large",1235.37335476714,1,87414093624.9752,1
"557","Tybee","TB3","TB3LQ12",110.6,40.4,"Large",1.02569788801368,1,963010.422047537,1
"558","Tybee","TB3","TB3LQ13",139.5,40.8,"Large",8.93549578485064,1,NA,0
"559","Tybee","TB3","TB3LQ14",88.1,43,"Large",288.88291384003,1,207999845.008655,1
"560","Tybee","TB3","TB3LQ15",101.4,38.1,"Large",1860.98117836001,1,2118144.67859593,1
"561","Tybee","TB3","TB3LQ16",124.5,34.5,"Large",NA,0,62238.0610303495,1
"562","Tybee","TB3","TB3LQ17",101,38.5,"Large",3217.08017497927,1,265570.790424121,1
"563","Tybee","TB3","TB3LQ18",112.1,30.6,"Large",2.29088470226325,1,747622.573984954,1
"564","Tybee","TB3","TB3LQ19",137,31.1,"Large",1937.55481654505,1,12895607736.8388,1
"565","Tybee","TB3","TB3LQ2",138.8,43.7,"Large",23.4771041176571,1,209669.681978108,1
"566","Tybee","TB3","TB3LQ20",112.2,29.9,"Large",34.7003272833182,1,74222.4807640073,1
"567","Tybee","TB3","TB3LQ21",99.5,29.6,"Large",5593.06545034323,1,381733511.728184,1
"568","Tybee","TB3","TB3LQ22",135.3,27.5,"Large",1.11825734212495,1,122435.764082088,1
"569","Tybee","TB3","TB3LQ23",104.7,29.6,"Large",NA,0,90399306.8469586,1
"570","Tybee","TB3","TB3LQ24",130,46.1,"Large",NA,0,10843431302.9263,1
"571","Tybee","TB3","TB3LQ25",137.8,48,"Large",133.927819651989,1,21131.5534400656,1
"572","Tybee","TB3","TB3LQ3",75.1,32.7,"Large",NA,0,29199119125.3251,1
"573","Tybee","TB3","TB3LQ4",82.6,29.1,"Large",NA,0,2550481396780.44,1
"574","Tybee","TB3","TB3LQ5",89.7,38.6,"Large",NA,0,157172.896425871,1
"575","Tybee","TB3","TB3LQ6",95.1,34.8,"Large",NA,0,NA,0
"576","Tybee","TB3","TB3LQ7",116.5,38,"Large",0.953419198230617,1,359493391.151247,1
"577","Tybee","TB3","TB3LQ8",79.2,32.6,"Large",5.3425671714087,1,5471253.00497923,1
"578","Tybee","TB3","TB3LQ9",151.8,50.9,"Large",4594.28293463186,1,7262030683.20311,1
"579","Camden","CM1","CM1SQ1",55.2,23.1,"Small",59041.0883023095,1,2886258.16990278,1
"580","Camden","CM1","CM1SQ10",39.8,19.9,"Small",NA,0,NA,0
"581","Camden","CM1","CM1SQ2",55.9,25.2,"Small",NA,0,NA,0
"582","Camden","CM1","CM1SQ3",47.1,18,"Small",69133.6827541265,1,24.7095411403123,1
"583","Camden","CM1","CM1SQ4",42.2,27.4,"Small",70665.7521064226,1,NA,0
"584","Camden","CM1","CM1SQ5",53.2,25.3,"Small",23851.3627391258,1,20.203759363917,1
"585","Camden","CM1","CM1SQ6",50.1,33.8,"Small",222.576228876857,1,10.9514740135436,1
"586","Camden","CM1","CM1SQ7",56.7,27,"Small",0.916927545573129,1,12.1946010321458,1
"587","Camden","CM1","CM1SQ8",61.1,21.2,"Small",5.01221887915794,1,54.3878418492677,1
"588","Camden","CM1","CM1SQ9",58.6,28.9,"Small",37465.729048953,1,NA,0
"589","Camden","CM2","CM2SQ1",58.2,22.3,"Small",NA,0,291.281323280264,1
"590","Camden","CM2","CM2SQ10",53,23.2,"Small",2.47319297608778,1,NA,0
"591","Camden","CM2","CM2SQ2",51.7,22.9,"Small",1.1604860369771,1,149.585394985088,1
"592","Camden","CM2","CM2SQ3",60.5,22.1,"Small",NA,0,11.5156890099898,1
"593","Camden","CM2","CM2SQ4",40.8,22.6,"Small",NA,0,NA,0
"594","Camden","CM2","CM2SQ5",55,27.9,"Small",0.640010790714804,1,7.18300496090028,1
"595","Camden","CM2","CM2SQ6",49.8,20.7,"Small",NA,0,96.4794189741533,1
"596","Camden","CM2","CM2SQ7",50.3,25,"Small",20204.1984966655,1,117232906.042193,1
"597","Camden","CM2","CM2SQ8",39.2,16.1,"Small",NA,0,0.484488806702677,1
"598","Camden","CM2","CM2SQ9",44.9,22,"Small",13.1928260393068,1,0.613092232296812,1
"599","Camden","CM3","CM3SQ1",58.2,26.7,"Small",306.86727422812,1,NA,0
"600","Camden","CM3","CM3SQ10",38.2,21,"Small",NA,0,24.3763889891413,1
"601","Camden","CM3","CM3SQ2",54.6,28,"Small",NA,0,NA,0
"602","Camden","CM3","CM3SQ3",38.1,22,"Small",12782.3984411879,1,NA,0
"603","Camden","CM3","CM3SQ4",43.8,31,"Small",NA,0,NA,0
"604","Camden","CM3","CM3SQ5",51.4,26.1,"Small",NA,0,NA,0
"605","Camden","CM3","CM3SQ6",49.4,21.4,"Small",NA,0,100.665772292244,1
"606","Camden","CM3","CM3SQ7",57.6,32.2,"Small",411.26078722435,1,68098398.0922927,1
"607","Camden","CM3","CM3SQ8",41.8,28.3,"Small",NA,0,2576.64226470375,1
"608","Camden","CM3","CM3SQ9",49.4,31.1,"Small",NA,0,NA,0
"609","Glynn-Jointer Creek","JC1","JC1SQ1",60.2,27.1,"Small",NA,0,0.205807688665266,1
"610","Glynn-Jointer Creek","JC1","JC1SQ10",62.1,27.8,"Small",97655.8335146878,1,0.217143171164512,1
"611","Glynn-Jointer Creek","JC1","JC1SQ2",52.8,24.9,"Small",NA,0,0.943646359700812,1
"612","Glynn-Jointer Creek","JC1","JC1SQ3",47.9,25.8,"Small",NA,0,7608.3552812167,1
"613","Glynn-Jointer Creek","JC1","JC1SQ4",41.2,21.9,"Small",NA,0,137.58569391188,1
"614","Glynn-Jointer Creek","JC1","JC1SQ5",48.6,22.9,"Small",NA,0,1029673.67229414,1
"615","Glynn-Jointer Creek","JC1","JC1SQ6",53.1,28,"Small",4684.38002881313,1,NA,0
"616","Glynn-Jointer Creek","JC1","JC1SQ7",53.2,28.7,"Small",NA,0,2696.99671409277,1
"617","Glynn-Jointer Creek","JC1","JC1SQ8",62.9,27.1,"Small",9.81003587132029,1,24798.7776904639,1
"618","Glynn-Jointer Creek","JC1","JC1SQ9",53.1,27.4,"Small",NA,0,NA,0
"619","Glynn-Jointer Creek","JC2","JC2SQ1",50.9,25.7,"Small",NA,0,NA,0
"620","Glynn-Jointer Creek","JC2","JC2SQ10",42.3,20.8,"Small",NA,0,34.9255243254401,1
"621","Glynn-Jointer Creek","JC2","JC2SQ2",51.8,24.1,"Small",488263.842642169,1,21.5092510471508,1
"622","Glynn-Jointer Creek","JC2","JC2SQ3",51.2,29.3,"Small",NA,0,NA,0
"623","Glynn-Jointer Creek","JC2","JC2SQ4",54.1,22.4,"Small",NA,0,NA,0
"624","Glynn-Jointer Creek","JC2","JC2SQ5",42.3,26.1,"Small",NA,0,110.353304470988,1
"625","Glynn-Jointer Creek","JC2","JC2SQ6",54.6,18.6,"Small",78663.2766271465,1,359.554460290436,1
"626","Glynn-Jointer Creek","JC2","JC2SQ7",44.1,18.2,"Small",NA,0,201.350641997854,1
"627","Glynn-Jointer Creek","JC2","JC2SQ8",57.8,17.9,"Small",3.99286263014276,1,268.572552708439,1
"628","Glynn-Jointer Creek","JC2","JC2SQ9",54.9,24.5,"Small",36032.0125540168,1,13.7277327784341,1
"629","Glynn-Jointer Creek","JC3","JC3SQ1",57.2,23.7,"Small",NA,0,802.598601738935,1
"630","Glynn-Jointer Creek","JC3","JC3SQ10",60.9,19.8,"Small",NA,0,150.574041804919,1
"631","Glynn-Jointer Creek","JC3","JC3SQ2",43.9,28.8,"Small",49176.9191650468,1,NA,0
"632","Glynn-Jointer Creek","JC3","JC3SQ3",48.5,23.3,"Small",NA,0,NA,0
"633","Glynn-Jointer Creek","JC3","JC3SQ4",48.1,28.1,"Small",NA,0,NA,0
"634","Glynn-Jointer Creek","JC3","JC3SQ5",62.2,28.7,"Small",4710.85379052527,1,1537228.77508759,1
"635","Glynn-Jointer Creek","JC3","JC3SQ6",51.7,23.6,"Small",243.084244224282,1,NA,0
"636","Glynn-Jointer Creek","JC3","JC3SQ7",56.2,24.4,"Small",83.9692585186462,1,NA,0
"637","Glynn-Jointer Creek","JC3","JC3SQ8",56.6,27.8,"Small",5643.32047526017,1,5028905.37601502,1
"638","Glynn-Jointer Creek","JC3","JC3SQ9",48.4,26.7,"Small",NA,0,NA,0
"639","Liberty-Sunbury","SB1","SB1SQ1",45.2,32.1,"Small",1.22957926699137,1,3682.35429127656,1
"640","Liberty-Sunbury","SB1","SB1SQ10",39.8,26.3,"Small",473.238331926938,1,NA,0
"641","Liberty-Sunbury","SB1","SB1SQ2",41.3,29.8,"Small",55739.038925686,1,21.4217747907538,1
"642","Liberty-Sunbury","SB1","SB1SQ3",39.6,20.4,"Small",NA,0,NA,0
"643","Liberty-Sunbury","SB1","SB1SQ4",49.7,25.5,"Small",16641.3619088849,1,16.2602077547078,1
"644","Liberty-Sunbury","SB1","SB1SQ5",50.2,23.7,"Small",6.50164206929289,1,NA,0
"645","Liberty-Sunbury","SB1","SB1SQ6",37.4,24.7,"Small",575197.387456963,1,10.4168215842648,1
"646","Liberty-Sunbury","SB1","SB1SQ7",47.2,22.8,"Small",NA,0,NA,0
"647","Liberty-Sunbury","SB1","SB1SQ8",57.2,20,"Small",427.104177422912,1,10.2671679409052,1
"648","Liberty-Sunbury","SB1","SB1SQ9",50.1,28.6,"Small",16674.7726508925,1,NA,0
"649","Liberty-Sunbury","SB2","SB2SQ1",46.9,25.8,"Small",NA,0,NA,0
"650","Liberty-Sunbury","SB2","SB2SQ10",49.8,24.4,"Small",NA,0,5.97530122161809,1
"651","Liberty-Sunbury","SB2","SB2SQ2",41.2,27.3,"Small",NA,0,3583.66183941391,1
"652","Liberty-Sunbury","SB2","SB2SQ3",52,27.6,"Small",1347.45102764094,1,351.423785633927,1
"653","Liberty-Sunbury","SB2","SB2SQ4",53.1,27.9,"Small",222.37449890317,1,NA,0
"654","Liberty-Sunbury","SB2","SB2SQ5",40.2,25.6,"Small",5.31380945304567,1,2.69119069685824,1
"655","Liberty-Sunbury","SB2","SB2SQ6",43.5,25.1,"Small",2.80558343971404,1,0.459529756335139,1
"656","Liberty-Sunbury","SB2","SB2SQ7",49.8,32,"Small",0.991865301924658,1,NA,0
"657","Liberty-Sunbury","SB2","SB2SQ8",40.1,24.2,"Small",NA,0,NA,0
"658","Liberty-Sunbury","SB2","SB2SQ9",54,27.2,"Small",NA,0,0.105482027471128,1
"659","Liberty-Sunbury","SB3","SB3SQ1",44.6,26.6,"Small",55.2435171696477,1,1.85792206103501,1
"660","Liberty-Sunbury","SB3","SB3SQ10",41.9,20.1,"Small",6544.71804791482,1,NA,0
"661","Liberty-Sunbury","SB3","SB3SQ2",57.9,28.9,"Small",NA,0,NA,0
"662","Liberty-Sunbury","SB3","SB3SQ3",48,30.3,"Small",NA,0,NA,0
"663","Liberty-Sunbury","SB3","SB3SQ4",54.7,26.8,"Small",4018.91403807737,1,NA,0
"664","Liberty-Sunbury","SB3","SB3SQ5",51.1,19.5,"Small",NA,0,NA,0
"665","Liberty-Sunbury","SB3","SB3SQ6",48.1,26.1,"Small",1482.56345971542,1,NA,0
"666","Liberty-Sunbury","SB3","SB3SQ7",45.7,28.2,"Small",175.594765120409,1,NA,0
"667","Liberty-Sunbury","SB3","SB3SQ8",45.9,25.1,"Small",22170.042121438,1,NA,0
"668","Liberty-Sunbury","SB3","SB3SQ9",50.9,24.7,"Small",427.212663047438,1,NA,0
"669","Little Ogeechee","LO1","LO1SQ1",57.6,28.2,"Small",NA,0,2.34176660487974,1
"670","Little Ogeechee","LO1","LO1SQ10",39.5,30.2,"Small",NA,0,NA,0
"671","Little Ogeechee","LO1","LO1SQ2",44.1,31.1,"Small",NA,0,NA,0
"672","Little Ogeechee","LO1","LO1SQ3",47.3,17.4,"Small",NA,0,NA,0
"673","Little Ogeechee","LO1","LO1SQ4",50.9,25.4,"Small",106.174298291467,1,NA,0
"674","Little Ogeechee","LO1","LO1SQ5",48.9,27.7,"Small",571.290380731207,1,NA,0
"675","Little Ogeechee","LO1","LO1SQ6",49.8,23.4,"Small",NA,0,NA,0
"676","Little Ogeechee","LO1","LO1SQ7",51.1,26.2,"Small",79784.0490073322,1,NA,0
"677","Little Ogeechee","LO1","LO1SQ8",51.9,19.9,"Small",8674.22908602992,1,312.214270820153,1
"678","Little Ogeechee","LO1","LO1SQ9",41.9,28.7,"Small",225.43305790638,1,6.14863286115763,1
"679","Little Ogeechee","LO2","LO2SQ10",52.9,27.5,"Small",602.085234131331,1,0.095222983769261,1
"680","Little Ogeechee","LO2","LO2SQ2",50.1,29.7,"Small",2165.92240630055,1,847.988851563362,1
"681","Little Ogeechee","LO2","LO2SQ3",50.2,34,"Small",121.146351880852,1,0.200821619576604,1
"682","Little Ogeechee","LO2","LO2SQ4",49.8,22.9,"Small",NA,0,0.801213049972901,1
"683","Little Ogeechee","LO2","LO2SQ5",52.5,24.5,"Small",11.6580485317622,1,29.9763584124521,1
"684","Little Ogeechee","LO2","LO2SQ6",48.7,23.6,"Small",NA,0,0.098999842476316,1
"685","Little Ogeechee","LO2","LO2SQ7",57.2,29.8,"Small",25.5370774403692,1,NA,0
"686","Little Ogeechee","LO2","LO2SQ8",51.1,25.2,"Small",27237.0228212324,1,13.8785664459383,1
"687","Little Ogeechee","LO2","LO2SQ9",55.9,21.8,"Small",NA,0,0.653959140531038,1
"688","Little Ogeechee","LO3","LO3SQ1",44.7,23.6,"Small",256664.909894493,1,442.425087359295,1
"689","Little Ogeechee","LO3","LO3SQ10",56.4,28.6,"Small",1628.39258094043,1,29.813492752908,1
"690","Little Ogeechee","LO3","LO3SQ2",53.2,19.4,"Small",0.219622310620072,1,24.8803280245433,1
"691","Little Ogeechee","LO3","LO3SQ3",60.8,22.7,"Small",NA,0,10.0726220604269,1
"692","Little Ogeechee","LO3","LO3SQ4",62.3,20.8,"Small",6368.85791149113,1,97.8900046052676,1
"693","Little Ogeechee","LO3","LO3SQ5",49.7,26.2,"Small",3.98462986290666,1,NA,0
"694","Little Ogeechee","LO3","LO3SQ6",57.2,25.3,"Small",0.364440931285437,1,NA,0
"695","Little Ogeechee","LO3","LO3SQ7",50.5,21.4,"Small",6559.21669685424,1,13.4662863081485,1
"696","Little Ogeechee","LO3","LO3SQ8",54.9,24.5,"Small",NA,0,190609.926950761,1
"697","Little Ogeechee","LO3","LO3SQ9",52.9,22.7,"Small",2.10634712972602,1,16.5205589905415,1
"698","McIntosh","MI1","MI1SQ1",44.6,29.1,"Small",NA,0,10.1357614498743,1
"699","McIntosh","MI1","MI1SQ10",64.4,27.8,"Small",152792.035814436,1,16.8157062498879,1
"700","McIntosh","MI1","MI1SQ2",52.8,22.3,"Small",5.92524263658294,1,11.9904029515073,1
"701","McIntosh","MI1","MI1SQ3",63.9,21.9,"Small",67.3624465741528,1,83.1108526175878,1
"702","McIntosh","MI1","MI1SQ4",50.3,23.4,"Small",3.12057816064816,1,312.622751436394,1
"703","McIntosh","MI1","MI1SQ5",58.7,28.8,"Small",29319.8544480203,1,14.0631316242904,1
"704","McIntosh","MI1","MI1SQ6",49.3,29.6,"Small",1092.37680126748,1,9.1800412994559,1
"705","McIntosh","MI1","MI1SQ7",56.2,22.7,"Small",1.97016446890656,1,NA,0
"706","McIntosh","MI1","MI1SQ8",51.8,25,"Small",297108.338452719,1,NA,0
"707","McIntosh","MI1","MI1SQ9",61.1,26.9,"Small",421.88386376808,1,32.3321354979283,1
"708","McIntosh","MI2","MI2SQ1",41.5,28.3,"Small",NA,0,NA,0
"709","McIntosh","MI2","MI2SQ10",61.3,31.5,"Small",NA,0,NA,0
"710","McIntosh","MI2","MI2SQ2",55.6,23.6,"Small",34155.6060085192,1,73.7791650987623,1
"711","McIntosh","MI2","MI2SQ3",57,33,"Small",263.131092598842,1,2.85446864901283,1
"712","McIntosh","MI2","MI2SQ4",58.3,26,"Small",27.1662939992604,1,76.2689583073684,1
"713","McIntosh","MI2","MI2SQ5",56.9,21.5,"Small",NA,0,NA,0
"714","McIntosh","MI2","MI2SQ6",51.7,27.6,"Small",NA,0,5.9431692772237,1
"715","McIntosh","MI2","MI2SQ7",48.4,30.3,"Small",701.187307325458,1,NA,0
"716","McIntosh","MI2","MI2SQ8",51.6,28.5,"Small",325.61840177781,1,3.96591923816983,1
"717","McIntosh","MI2","MI2SQ9",52.9,30,"Small",NA,0,NA,0
"718","McIntosh","MI3","MI3SQ1",53.6,32.8,"Small",4.38301140678026,1,NA,0
"719","McIntosh","MI3","MI3SQ10",38.6,24.8,"Small",NA,0,1.07374823483023,1
"720","McIntosh","MI3","MI3SQ2",41.7,27.9,"Small",NA,0,NA,0
"721","McIntosh","MI3","MI3SQ3",54.2,38,"Small",NA,0,377827.758574094,1
"722","McIntosh","MI3","MI3SQ4",49.5,26.9,"Small",NA,0,0.564245738456756,1
"723","McIntosh","MI3","MI3SQ5",54.9,30.8,"Small",NA,0,0.506796255065047,1
"724","McIntosh","MI3","MI3SQ6",63.1,28.6,"Small",0.313057246003497,1,0.0857629226914273,1
"725","McIntosh","MI3","MI3SQ7",58.8,32.5,"Small",588.481863965781,1,0.199432252503698,1
"726","McIntosh","MI3","MI3SQ8",46.2,34.9,"Small",NA,0,17800.8628827476,1
"727","McIntosh","MI3","MI3SQ9",49.7,29.9,"Small",NA,0,NA,0
"728","McKay River","MR1","MR1SQ1",59.5,35,"Small",2903.16749284669,1,357726.724691601,1
"729","McKay River","MR1","MR1SQ10",67.5,27.6,"Small",NA,0,6352.94290125853,1
"730","McKay River","MR1","MR1SQ2",59.9,26.9,"Small",NA,0,NA,0
"731","McKay River","MR1","MR1SQ3",49.5,29.8,"Small",NA,0,NA,0
"732","McKay River","MR1","MR1SQ4",44,41,"Small",11.3133399630916,1,NA,0
"733","McKay River","MR1","MR1SQ5",57.1,31.5,"Small",NA,0,NA,0
"734","McKay River","MR1","MR1SQ6",48.2,28.1,"Small",NA,0,NA,0
"735","McKay River","MR1","MR1SQ7",36,24.6,"Small",NA,0,NA,0
"736","McKay River","MR1","MR1SQ8",33.7,19.9,"Small",NA,0,658.933186268391,1
"737","McKay River","MR1","MR1SQ9",59.6,31.9,"Small",7.80095120837437,1,9746.53377941837,1
"738","McKay River","MR2","MR2SQ1",43.7,25.7,"Small",1562.70572767916,1,34927436.1400374,1
"739","McKay River","MR2","MR2SQ10",57.3,23.3,"Small",1009.62265039648,1,10480.2797772112,1
"740","McKay River","MR2","MR2SQ2",46.7,22.2,"Small",NA,0,4920357.61481037,1
"741","McKay River","MR2","MR2SQ3",52.8,25.1,"Small",4136.30009324607,1,10284328.9390204,1
"742","McKay River","MR2","MR2SQ4",45.6,25.8,"Small",4016.72372343357,1,1.37287812271732,1
"743","McKay River","MR2","MR2SQ5",49.9,29.6,"Small",63691.0068484897,1,12538.2159572412,1
"744","McKay River","MR2","MR2SQ6",55.7,27.3,"Small",NA,0,0.0586980054380774,1
"745","McKay River","MR2","MR2SQ7",49.7,21.2,"Small",NA,0,128.167622921259,1
"746","McKay River","MR2","MR2SQ8",51.2,35,"Small",NA,0,31.8195320289355,1
"747","McKay River","MR2","MR2SQ9",44.6,30.1,"Small",NA,0,NA,0
"748","McKay River","MR2","MR3SQ1",42.5,25,"Small",NA,0,NA,NA
"749","McKay River","MR3","MR3SQ1",42.5,25,"Small",0.515841304650141,1,13.0435442909044,1
"750","McKay River","MR3","MR3SQ10",61.2,33.8,"Small",NA,0,4295018.7103913,1
"751","McKay River","MR3","MR3SQ2",51.8,34.1,"Small",69.9381805212541,1,8190.46178011259,1
"752","McKay River","MR3","MR3SQ3",53.6,26.2,"Small",1106.4809032759,1,11.5969784821434,1
"753","McKay River","MR3","MR3SQ4",51.7,26.1,"Small",2.9276335941665,1,1502.07651427234,1
"754","McKay River","MR3","MR3SQ5",52.3,24.2,"Small",326219.649065978,1,NA,0
"755","McKay River","MR3","MR3SQ6",49.3,25.4,"Small",NA,0,11.3707861262509,1
"756","McKay River","MR3","MR3SQ7",60.5,24.9,"Small",2139.28332815608,1,73.0036198785682,1
"757","McKay River","MR3","MR3SQ8",51.2,31.6,"Small",0.928863679173197,1,NA,0
"758","McKay River","MR3","MR3SQ9",54.9,25.3,"Small",2079.84943149653,1,15.3508391330566,1
"759","Romerly Marsh","RM1","RM1SQ1",52.7,26.2,"Small",53.1589676466769,1,12.1519456132176,1
"760","Romerly Marsh","RM1","RM1SQ10",37.1,26.2,"Small",0.701668869029107,1,13.2879628463193,1
"761","Romerly Marsh","RM1","RM1SQ2",50,28.4,"Small",0.759726373799786,1,302.87028406909,1
"762","Romerly Marsh","RM1","RM1SQ3",43.6,27,"Small",NA,0,35.1741931186055,1
"763","Romerly Marsh","RM1","RM1SQ4",50.1,29.3,"Small",NA,0,907.189934509183,1
"764","Romerly Marsh","RM1","RM1SQ5",44.8,22.6,"Small",NA,0,NA,0
"765","Romerly Marsh","RM1","RM1SQ6",52.3,32.1,"Small",NA,0,336361.91365374,1
"766","Romerly Marsh","RM1","RM1SQ7",50.9,25.5,"Small",NA,0,11.9223642249023,1
"767","Romerly Marsh","RM1","RM1SQ8",47.8,27.1,"Small",NA,0,4802.77973695281,1
"768","Romerly Marsh","RM1","RM1SQ9",38.3,19.6,"Small",NA,0,175.727084979375,1
"769","Romerly Marsh","RM2","RM2SQ1",50,25.2,"Small",6.59192824245244,1,NA,0
"770","Romerly Marsh","RM2","RM2SQ10",41.6,23,"Small",NA,0,NA,0
"771","Romerly Marsh","RM2","RM2SQ2",49.3,22.6,"Small",NA,0,1026.55603498118,1
"772","Romerly Marsh","RM2","RM2SQ3",48.6,28.2,"Small",NA,0,NA,0
"773","Romerly Marsh","RM2","RM2SQ4",56,26.7,"Small",NA,0,NA,0
"774","Romerly Marsh","RM2","RM2SQ5",42.9,20.8,"Small",NA,0,1016.20314969224,1
"775","Romerly Marsh","RM2","RM2SQ6",49.3,31.1,"Small",NA,0,NA,0
"776","Romerly Marsh","RM2","RM2SQ7",45.6,21.8,"Small",10196.8434827426,1,NA,0
"777","Romerly Marsh","RM2","RM2SQ8",52.1,24.5,"Small",NA,0,2356.87482229539,1
"778","Romerly Marsh","RM2","RM2SQ9",50.4,25.4,"Small",NA,0,NA,0
"779","Romerly Marsh","RM3","RM3SQ1",46,27.8,"Small",3.34470231454501,1,NA,0
"780","Romerly Marsh","RM3","RM3SQ10",28.6,21.9,"Small",1155.31751823551,1,7.06403496666992,1
"781","Romerly Marsh","RM3","RM3SQ2",40.2,27.5,"Small",100.138391270238,1,256.855133397453,1
"782","Romerly Marsh","RM3","RM3SQ3",35.1,23.1,"Small",NA,0,9946218.19593167,1
"783","Romerly Marsh","RM3","RM3SQ4",50.8,22.5,"Small",0.85569834608269,1,458.179667661935,1
"784","Romerly Marsh","RM3","RM3SQ5",39.3,26.7,"Small",343.923340577365,1,35225.6286548564,1
"785","Romerly Marsh","RM3","RM3SQ6",42,27.9,"Small",97.5087310492319,1,0.370660561403245,1
"786","Romerly Marsh","RM3","RM3SQ7",47.8,23.1,"Small",39.3610352158859,1,2912871.22494024,1
"787","Romerly Marsh","RM3","RM3SQ8",37.1,19.9,"Small",332.158370548773,1,1986.22725812315,1
"788","Romerly Marsh","RM3","RM3SQ9",41,25,"Small",NA,0,0.636529714447898,1
"789","Tybee","TB1","TB1SQ1",35.1,25.9,"Small",0.741756675481497,1,9601.25150499026,1
"790","Tybee","TB1","TB1SQ10",41.1,23,"Small",NA,0,0.254646063780365,1
"791","Tybee","TB1","TB1SQ2",51,27.8,"Small",0.851449123812877,1,298425.744738448,1
"792","Tybee","TB1","TB1SQ3",42.3,24.8,"Small",0.303185545507957,1,NA,0
"793","Tybee","TB1","TB1SQ4",45.2,25.1,"Small",2.03576064006509,1,80559.619800937,1
"794","Tybee","TB1","TB1SQ5",40.3,29.7,"Small",3.483389660947,1,157504.411640705,1
"795","Tybee","TB1","TB1SQ6",47.5,22.2,"Small",7.60450531900435,1,0.204583841845714,1
"796","Tybee","TB1","TB1SQ7",37.7,21.2,"Small",9325.63860557858,1,50229.5065497356,1
"797","Tybee","TB1","TB1SQ8",45.1,25,"Small",NA,0,25147.2867887184,1
"798","Tybee","TB1","TB1SQ9",28.6,24.8,"Small",NA,0,0.980379814951109,1
"799","Tybee","TB2","TB2SQ1",45.6,26.4,"Small",NA,0,942.925497993163,1
"800","Tybee","TB2","TB2SQ10",38,26.9,"Small",NA,0,10.9976197626429,1
"801","Tybee","TB2","TB2SQ2",42.7,20.7,"Small",NA,0,493.84174732891,1
"802","Tybee","TB2","TB2SQ3",46.1,27.7,"Small",55.1288435793112,1,60164.2619853378,1
"803","Tybee","TB2","TB2SQ4",55.1,26.4,"Small",NA,0,81.3933826523196,1
"804","Tybee","TB2","TB2SQ5",48,22,"Small",NA,0,NA,0
"805","Tybee","TB2","TB2SQ6",52.1,27.2,"Small",532.430624759184,1,NA,0
"806","Tybee","TB2","TB2SQ7",45.9,23.4,"Small",28693.7100153111,1,1.38350540851737,1
"807","Tybee","TB2","TB2SQ8",41.3,29.8,"Small",NA,0,36310.4546230464,1
"808","Tybee","TB2","TB2SQ9",44,18.6,"Small",NA,0,1.24089216834941,1
"809","Tybee","TB3","TB3SQ1",41.6,22.9,"Small",NA,0,487699.591672716,1
"810","Tybee","TB3","TB3SQ10",57.2,20,"Small",NA,0,12.6865946159494,1
"811","Tybee","TB3","TB3SQ2",51.5,23.2,"Small",NA,0,10.7759225062733,1
"812","Tybee","TB3","TB3SQ3",38.2,30.6,"Small",0.930442078621543,1,16.001039648941,1
"813","Tybee","TB3","TB3SQ4",51.2,31.4,"Small",2.27231772643749,1,3241.17508091611,1
"814","Tybee","TB3","TB3SQ5",42,24.1,"Small",NA,0,6062.16340051072,1
"815","Tybee","TB3","TB3SQ6",49.3,23,"Small",0.621822835647636,1,14.4321688226398,1
"816","Tybee","TB3","TB3SQ7",52.1,22.3,"Small",NA,0,53.4982944210513,1
"817","Tybee","TB3","TB3SQ8",50.3,24.2,"Small",NA,0,686.668077515108,1
"818","Tybee","TB3","TB3SQ9",54.1,30.9,"Small",NA,0,12.2031582053128,1
